replicate,graph_null_reciprocal_clique_count,label_swap_case_membership_share
0,1.0,0.39759036144578314
1,1.0,0.43373493975903615
2,0.0,0.4939759036144578
3,1.0,0.5301204819277109
4,0.0,0.46987951807228917
5,0.0,0.43373493975903615
6,1.0,0.3855421686746988
7,1.0,0.46987951807228917
8,0.0,0.5060240963855421
9,0.0,0.46987951807228917
10,0.0,0.3493975903614458
11,2.0,0.5542168674698795
12,1.0,0.5783132530120482
13,1.0,0.5301204819277109
14,0.0,0.5903614457831325
15,1.0,0.5662650602409639
16,0.0,0.46987951807228917
17,0.0,0.4939759036144578
18,0.0,0.5180722891566265
19,1.0,0.5180722891566265
20,1.0,0.37349397590361444
21,0.0,0.4819277108433735
22,0.0,0.6024096385542169
23,1.0,0.5301204819277109
24,1.0,0.43373493975903615
25,1.0,0.43373493975903615
26,0.0,0.46987951807228917
27,0.0,0.6506024096385542
28,2.0,0.4939759036144578
29,0.0,0.6506024096385542
30,0.0,0.6024096385542169
31,0.0,0.4578313253012048
32,1.0,0.6144578313253012
33,0.0,0.43373493975903615
34,0.0,0.5421686746987951
35,1.0,0.5421686746987951
36,1.0,0.5903614457831325
37,2.0,0.46987951807228917
38,0.0,0.5060240963855421
39,1.0,0.5421686746987951
40,2.0,0.42168674698795183
41,0.0,0.5180722891566265
42,0.0,0.42168674698795183
43,1.0,0.5903614457831325
44,2.0,0.5542168674698795
45,1.0,0.5301204819277109
46,2.0,0.5421686746987951
47,0.0,0.5060240963855421
48,0.0,0.5542168674698795
49,2.0,0.5180722891566265
50,1.0,0.43373493975903615
51,1.0,0.5180722891566265
52,2.0,0.5060240963855421
53,2.0,0.4578313253012048
54,0.0,0.5421686746987951
55,1.0,0.6265060240963856
56,0.0,0.42168674698795183
57,1.0,0.6265060240963856
58,4.0,0.4939759036144578
59,0.0,0.46987951807228917
60,1.0,0.4578313253012048
61,0.0,0.4819277108433735
62,1.0,0.42168674698795183
63,0.0,0.46987951807228917
64,0.0,0.4457831325301205
65,0.0,0.6265060240963856
66,0.0,0.43373493975903615
67,0.0,0.6024096385542169
68,0.0,0.5060240963855421
69,1.0,0.42168674698795183
70,1.0,0.5301204819277109
71,0.0,0.5180722891566265
72,3.0,0.5180722891566265
73,1.0,0.5060240963855421
74,2.0,0.5060240963855421
75,3.0,0.43373493975903615
76,2.0,0.37349397590361444
77,0.0,0.4939759036144578
78,0.0,0.4578313253012048
79,0.0,0.5542168674698795
80,2.0,0.5783132530120482
81,0.0,0.4939759036144578
82,1.0,0.5060240963855421
83,1.0,0.5060240963855421
84,3.0,0.4457831325301205
85,2.0,0.5662650602409639
86,2.0,0.5903614457831325
87,0.0,0.5783132530120482
88,1.0,0.5903614457831325
89,0.0,0.5662650602409639
90,4.0,0.5421686746987951
91,0.0,0.46987951807228917
92,1.0,0.4457831325301205
93,0.0,0.42168674698795183
94,1.0,0.46987951807228917
95,1.0,0.5180722891566265
96,0.0,0.5421686746987951
97,1.0,0.5180722891566265
98,1.0,0.37349397590361444
99,0.0,0.4819277108433735
100,1.0,0.5542168674698795
101,0.0,0.4578313253012048
102,1.0,0.4819277108433735
103,0.0,0.46987951807228917
104,0.0,0.4457831325301205
105,2.0,0.4457831325301205
106,1.0,0.5662650602409639
107,0.0,0.5180722891566265
108,1.0,0.5542168674698795
109,0.0,0.40963855421686746
110,2.0,0.40963855421686746
111,4.0,0.5180722891566265
112,0.0,0.4939759036144578
113,0.0,0.42168674698795183
114,0.0,0.3493975903614458
115,0.0,0.5301204819277109
116,0.0,0.4939759036144578
117,1.0,0.6024096385542169
118,1.0,0.46987951807228917
119,2.0,0.5662650602409639
120,1.0,0.4819277108433735
121,0.0,0.5060240963855421
122,0.0,0.6265060240963856
123,0.0,0.5783132530120482
124,3.0,0.7349397590361446
125,1.0,0.42168674698795183
126,0.0,0.5060240963855421
127,0.0,0.5180722891566265
128,1.0,0.4819277108433735
129,0.0,0.5783132530120482
130,1.0,0.6506024096385542
131,2.0,0.5662650602409639
132,0.0,0.4457831325301205
133,0.0,0.6385542168674698
134,1.0,0.6265060240963856
135,1.0,0.6867469879518072
136,1.0,0.4457831325301205
137,0.0,0.5783132530120482
138,0.0,0.5421686746987951
139,5.0,0.5060240963855421
140,1.0,0.4939759036144578
141,0.0,0.40963855421686746
142,0.0,0.5662650602409639
143,1.0,0.6265060240963856
144,0.0,0.4457831325301205
145,0.0,0.42168674698795183
146,1.0,0.4939759036144578
147,0.0,0.5060240963855421
148,1.0,0.43373493975903615
149,0.0,0.5662650602409639
150,0.0,0.4578313253012048
151,0.0,0.5180722891566265
152,2.0,0.5542168674698795
153,1.0,0.5060240963855421
154,1.0,0.43373493975903615
155,2.0,0.4819277108433735
156,0.0,0.5180722891566265
157,2.0,0.5421686746987951
158,1.0,0.6626506024096386
159,1.0,0.40963855421686746
160,0.0,0.5180722891566265
161,1.0,0.6506024096385542
162,0.0,0.5301204819277109
163,0.0,0.5421686746987951
164,0.0,0.3614457831325301
165,0.0,0.4578313253012048
166,0.0,0.43373493975903615
167,3.0,0.46987951807228917
168,0.0,0.4578313253012048
169,1.0,0.6024096385542169
170,2.0,0.5301204819277109
171,1.0,0.4578313253012048
172,0.0,0.39759036144578314
173,0.0,0.5180722891566265
174,1.0,0.5421686746987951
175,2.0,0.3493975903614458
176,0.0,0.42168674698795183
177,1.0,0.4819277108433735
178,0.0,0.40963855421686746
179,0.0,0.5662650602409639
180,2.0,0.42168674698795183
181,0.0,0.6024096385542169
182,0.0,0.6144578313253012
183,2.0,0.46987951807228917
184,1.0,0.4578313253012048
185,1.0,0.43373493975903615
186,0.0,0.5301204819277109
187,0.0,0.5180722891566265
188,1.0,0.4939759036144578
189,0.0,0.3855421686746988
190,0.0,0.39759036144578314
191,1.0,0.40963855421686746
192,0.0,0.5180722891566265
193,1.0,0.46987951807228917
194,1.0,0.4578313253012048
195,1.0,0.39759036144578314
196,0.0,0.4819277108433735
197,1.0,0.4939759036144578
198,0.0,0.5542168674698795
199,0.0,0.5662650602409639
200,1.0,0.4457831325301205
201,0.0,0.43373493975903615
202,1.0,0.4578313253012048
203,0.0,0.5060240963855421
204,3.0,0.5060240963855421
205,0.0,0.46987951807228917
206,0.0,0.4578313253012048
207,1.0,0.4819277108433735
208,0.0,0.5301204819277109
209,1.0,0.42168674698795183
210,0.0,0.46987951807228917
211,1.0,0.4819277108433735
212,0.0,0.5421686746987951
213,2.0,0.5542168674698795
214,1.0,0.6626506024096386
215,4.0,0.4578313253012048
216,0.0,0.5060240963855421
217,2.0,0.4819277108433735
218,0.0,0.6265060240963856
219,0.0,0.5542168674698795
220,0.0,0.39759036144578314
221,1.0,0.3253012048192771
222,1.0,0.39759036144578314
223,0.0,0.4939759036144578
224,0.0,0.6506024096385542
225,0.0,0.5542168674698795
226,0.0,0.40963855421686746
227,0.0,0.5903614457831325
228,0.0,0.4819277108433735
229,0.0,0.4939759036144578
230,0.0,0.4819277108433735
231,1.0,0.5421686746987951
232,2.0,0.37349397590361444
233,0.0,0.6265060240963856
234,0.0,0.46987951807228917
235,1.0,0.6024096385542169
236,0.0,0.5060240963855421
237,2.0,0.5180722891566265
238,0.0,0.3373493975903614
239,1.0,0.5662650602409639
240,1.0,0.5421686746987951
241,1.0,0.5180722891566265
242,0.0,0.40963855421686746
243,0.0,0.4939759036144578
244,1.0,0.6746987951807228
245,0.0,0.5421686746987951
246,0.0,0.4819277108433735
247,1.0,0.43373493975903615
248,0.0,0.5542168674698795
249,0.0,0.6024096385542169
250,4.0,0.5301204819277109
251,1.0,0.4457831325301205
252,2.0,0.5542168674698795
253,0.0,0.42168674698795183
254,3.0,0.5180722891566265
255,1.0,0.6144578313253012
256,0.0,0.5542168674698795
257,1.0,0.4939759036144578
258,0.0,0.4939759036144578
259,0.0,0.5783132530120482
260,0.0,0.5783132530120482
261,0.0,0.6385542168674698
262,3.0,0.6024096385542169
263,2.0,0.42168674698795183
264,2.0,0.6265060240963856
265,3.0,0.4457831325301205
266,0.0,0.39759036144578314
267,2.0,0.6385542168674698
268,0.0,0.40963855421686746
269,1.0,0.6746987951807228
270,1.0,0.4578313253012048
271,0.0,0.5060240963855421
272,1.0,0.46987951807228917
273,1.0,0.3493975903614458
274,0.0,0.39759036144578314
275,2.0,0.43373493975903615
276,0.0,0.5542168674698795
277,0.0,0.4819277108433735
278,1.0,0.43373493975903615
279,1.0,0.46987951807228917
280,0.0,0.5301204819277109
281,1.0,0.39759036144578314
282,1.0,0.5421686746987951
283,1.0,0.4939759036144578
284,1.0,0.46987951807228917
285,2.0,0.4457831325301205
286,0.0,0.3132530120481928
287,0.0,0.43373493975903615
288,1.0,0.5421686746987951
289,1.0,0.37349397590361444
290,1.0,0.46987951807228917
291,0.0,0.5301204819277109
292,0.0,0.3253012048192771
293,0.0,0.5421686746987951
294,0.0,0.6024096385542169
295,0.0,0.5783132530120482
296,2.0,0.5180722891566265
297,0.0,0.5783132530120482
298,2.0,0.5542168674698795
299,1.0,0.4939759036144578
300,0.0,0.4578313253012048
301,0.0,0.5301204819277109
302,0.0,0.3493975903614458
303,0.0,0.46987951807228917
304,0.0,0.5783132530120482
305,0.0,0.39759036144578314
306,4.0,0.5180722891566265
307,0.0,0.5662650602409639
308,0.0,0.3253012048192771
309,1.0,0.5060240963855421
310,0.0,0.5180722891566265
311,0.0,0.46987951807228917
312,1.0,0.46987951807228917
313,0.0,0.4457831325301205
314,0.0,0.5783132530120482
315,0.0,0.5060240963855421
316,0.0,0.4939759036144578
317,3.0,0.5662650602409639
318,2.0,0.5180722891566265
319,1.0,0.4457831325301205
320,0.0,0.5903614457831325
321,0.0,0.5421686746987951
322,1.0,0.5662650602409639
323,0.0,0.3373493975903614
324,2.0,0.5783132530120482
325,1.0,0.5060240963855421
326,0.0,0.43373493975903615
327,2.0,0.40963855421686746
328,1.0,0.43373493975903615
329,1.0,0.5180722891566265
330,1.0,0.5421686746987951
331,0.0,0.5301204819277109
332,0.0,0.6144578313253012
333,1.0,0.4939759036144578
334,0.0,0.5783132530120482
335,0.0,0.4819277108433735
336,0.0,0.39759036144578314
337,0.0,0.4939759036144578
338,0.0,0.39759036144578314
339,1.0,0.5060240963855421
340,0.0,0.43373493975903615
341,1.0,0.40963855421686746
342,0.0,0.5783132530120482
343,0.0,0.4819277108433735
344,0.0,0.5783132530120482
345,1.0,0.43373493975903615
346,1.0,0.6024096385542169
347,1.0,0.5180722891566265
348,1.0,0.5301204819277109
349,1.0,0.6385542168674698
350,1.0,0.46987951807228917
351,0.0,0.5301204819277109
352,1.0,0.5542168674698795
353,0.0,0.6385542168674698
354,0.0,0.5542168674698795
355,0.0,0.6867469879518072
356,0.0,0.6024096385542169
357,1.0,0.5542168674698795
358,1.0,0.5180722891566265
359,0.0,0.4819277108433735
360,1.0,0.5662650602409639
361,0.0,0.4939759036144578
362,0.0,0.6024096385542169
363,1.0,0.4578313253012048
364,1.0,0.5421686746987951
365,1.0,0.7108433734939759
366,1.0,0.5542168674698795
367,0.0,0.40963855421686746
368,0.0,0.5542168674698795
369,1.0,0.5903614457831325
370,0.0,0.40963855421686746
371,1.0,0.5542168674698795
372,1.0,0.5542168674698795
373,1.0,0.5421686746987951
374,0.0,0.5421686746987951
375,1.0,0.5903614457831325
376,0.0,0.3493975903614458
377,1.0,0.5903614457831325
378,1.0,0.42168674698795183
379,0.0,0.40963855421686746
380,2.0,0.46987951807228917
381,3.0,0.5542168674698795
382,0.0,0.42168674698795183
383,1.0,0.40963855421686746
384,0.0,0.39759036144578314
385,0.0,0.5662650602409639
386,0.0,0.40963855421686746
387,1.0,0.5180722891566265
388,0.0,0.3132530120481928
389,2.0,0.42168674698795183
390,0.0,0.5301204819277109
391,0.0,0.5180722891566265
392,0.0,0.6265060240963856
393,0.0,0.6385542168674698
394,1.0,0.5903614457831325
395,1.0,0.3855421686746988
396,0.0,0.4819277108433735
397,2.0,0.46987951807228917
398,3.0,0.4939759036144578
399,0.0,0.4819277108433735
400,0.0,0.46987951807228917
401,2.0,0.4578313253012048
402,0.0,0.5421686746987951
403,0.0,0.6024096385542169
404,1.0,0.5301204819277109
405,1.0,0.5180722891566265
406,0.0,0.42168674698795183
407,0.0,0.3373493975903614
408,2.0,0.5662650602409639
409,1.0,0.5060240963855421
410,1.0,0.40963855421686746
411,0.0,0.5542168674698795
412,1.0,0.3614457831325301
413,2.0,0.3855421686746988
414,0.0,0.46987951807228917
415,0.0,0.5662650602409639
416,2.0,0.5301204819277109
417,0.0,0.5060240963855421
418,2.0,0.4939759036144578
419,1.0,0.3855421686746988
420,1.0,0.46987951807228917
421,1.0,0.5060240963855421
422,1.0,0.4939759036144578
423,0.0,0.46987951807228917
424,5.0,0.46987951807228917
425,0.0,0.4939759036144578
426,0.0,0.5542168674698795
427,0.0,0.39759036144578314
428,0.0,0.46987951807228917
429,0.0,0.3373493975903614
430,0.0,0.39759036144578314
431,1.0,0.5542168674698795
432,2.0,0.43373493975903615
433,0.0,0.5301204819277109
434,2.0,0.42168674698795183
435,2.0,0.5060240963855421
436,0.0,0.5301204819277109
437,2.0,0.5542168674698795
438,1.0,0.5301204819277109
439,0.0,0.5301204819277109
440,1.0,0.3855421686746988
441,0.0,0.43373493975903615
442,0.0,0.6024096385542169
443,0.0,0.6144578313253012
444,1.0,0.4939759036144578
445,0.0,0.5421686746987951
446,0.0,0.4457831325301205
447,0.0,0.46987951807228917
448,3.0,0.3493975903614458
449,1.0,0.42168674698795183
450,1.0,0.5662650602409639
451,2.0,0.5421686746987951
452,1.0,0.6385542168674698
453,2.0,0.5662650602409639
454,0.0,0.3493975903614458
455,1.0,0.40963855421686746
456,1.0,0.37349397590361444
457,0.0,0.42168674698795183
458,1.0,0.4819277108433735
459,1.0,0.6385542168674698
460,1.0,0.3855421686746988
461,1.0,0.5060240963855421
462,0.0,0.5180722891566265
463,0.0,0.42168674698795183
464,1.0,0.4939759036144578
465,0.0,0.6265060240963856
466,1.0,0.5662650602409639
467,0.0,0.40963855421686746
468,0.0,0.5301204819277109
469,0.0,0.4939759036144578
470,1.0,0.6385542168674698
471,3.0,0.5903614457831325
472,0.0,0.6024096385542169
473,0.0,0.6024096385542169
474,1.0,0.5301204819277109
475,0.0,0.5421686746987951
476,1.0,0.5301204819277109
477,0.0,0.5421686746987951
478,0.0,0.5301204819277109
479,1.0,0.5301204819277109
480,2.0,0.4457831325301205
481,0.0,0.5180722891566265
482,0.0,0.5180722891566265
483,0.0,0.4819277108433735
484,1.0,0.5662650602409639
485,2.0,0.39759036144578314
486,2.0,0.5421686746987951
487,1.0,0.46987951807228917
488,0.0,0.5783132530120482
489,1.0,0.4939759036144578
490,0.0,0.4939759036144578
491,0.0,0.46987951807228917
492,1.0,0.4578313253012048
493,0.0,0.3855421686746988
494,2.0,0.5783132530120482
495,0.0,0.5060240963855421
496,1.0,0.5421686746987951
497,2.0,0.5060240963855421
498,0.0,0.5301204819277109
499,2.0,0.37349397590361444
